commune;pop
Tanger-Tetouan-Al Hoceima;3 556 729
   Dont Centre: Afourar;13 185
   Dont Centre: Aghbala;6 745
   Dont Centre: Aghbalou Nssardane;2 300
   Dont Centre: Aguelmous;14 177
   Dont Centre: Ain Aicha;7 106
   Dont Centre: Ain Cheggag;10 124
   Dont Centre: Ain Dorij;3 394
   Dont Centre: Ain Jemaa;2 489
   Dont Centre: Ain Karma;4 920
   Dont Centre: Ain Leuh;4 969
   Dont Centre: Ait Amira;48 560
   Dont Centre: Ait Ishaq;12 179
   Dont Centre: Ait Yadine;7 242
   Dont Centre: Ajdir;1 445
   Dont Centre: Alnif;4 728
   Dont Centre: Aourir;35 365
   Dont Centre: Arbaoua;3 050
   Dont Centre: Assahrij ;2 011
   Dont Centre: Aufous;1 186
   Dont Centre: Bab Berred;4 977
   Dont Centre: Bab Taza;5 905
   Dont Centre: Belfaa ;4 750
   Dont Centre: Bni Chiker;4 444
   Dont Centre: Bni Hadifa;2 171
   Dont Centre: Bni Tadjite;8 489
   Dont Centre: Bni Yakhlef;17 970
   Dont Centre: Bouanane;3 329
   Dont Centre: Bouderbala;7 907
   Dont Centre: Bouguedra;1 948
   Dont Centre: Bouizazarene Ihaddadene;13 120
   Dont Centre: Boulanouare;12 756
   Dont Centre: Boumia;15 652
   Dont Centre: Bradia;8 316
   Dont Centre: Brikcha;1 167
   Dont Centre: Bzou;4 202
   Dont Centre: Dar Bni Karrich;6 430
   Dont Centre: Dar Chaoui;1 283
   Dont Centre: Dar El Kebdani ;3 608
   Dont Centre: Dar Ould Zidouh;11 491
   Dont Centre: Drargua ;50 946
   Dont Centre: El Kbab;8 345
   Dont Centre: Ezzhiliga;3 857
   Dont Centre: Foum Jemaa;5 824
   Dont Centre: Ghmate ;1 208
   Dont Centre: Gourrama;5 613
   Dont Centre: Guigou;10 129
   Dont Centre: Guisser;2 471
   Dont Centre: Had Bouhssoussen;3 049
   Dont Centre: Haj Kaddour;6 508
   Dont Centre: Hrara;1 271
   Dont Centre: Ighoud;1 826
   Dont Centre: Ighram Laalam;8 670
   Dont Centre: Issaguen;2 474
   Dont Centre: Itzer;5 896
   Dont Centre: Jebha;3 757
   Dont Centre: Kahf Nssar;7 163
   Dont Centre: Kantina;3 642
   Dont Centre: Karia;1 091
   Dont Centre: Kariat Arekmane;5 387
   Dont Centre: Kassita;2 675
   Dont Centre: Kerrouchen;2 053
   Dont Centre: Khemis Sahel;6 242
   Dont Centre: Khnichet;10 295
   Dont Centre: Kourouna;2 585
   Dont Centre: Laakarta;4 369
   Dont Centre: Laaounate;5 185
   Dont Centre: Lalla Mimouna;15 767
   Dont Centre: Lalla Takarkoust ;4 080
   Dont Centre: Laouamra;7 793
   Dont Centre: Loualidia;7 770
   Dont Centre: Loudaya ;12 615
   Dont Centre: Maaziz;8 901
   Dont Centre: Madagh;2 452
   Dont Centre: Massa;10 458
   Dont Centre: Matmata;2 400
   Dont Centre: Mers El Kheir;15 891
   Dont Centre: M'haya;5 819
   Dont Centre: Mirleft ;4 664
   Dont Centre: M'Nabha ;1 169
   Dont Centre: Moqrisset;1 634
   Dont Centre: Moulay Abdellah;12 456
   Dont Centre: Moulay Bouazza;5 269
   Dont Centre: Moulay Bousselham;7 372
   Dont Centre: Moulay Brahim ;3 115
   Dont Centre: N'zalat;1 144
   Dont Centre: Ouaouizeght;9 449
   Dont Centre: Ouaoumana;5 496
   Dont Centre: Oued El Heimer;1 282
   Dont Centre: Oulad Amrane;1 799
   Dont Centre: Oulad Frej;13 272
   Dont Centre: Oulad Ghadbane;6 152
   Dont Centre: Oulad M'Barek;10 843
   Dont Centre: Oulad Said;2 205
   Dont Centre: Oulad Yaich;9 671
   Dont Centre: Oulad Zbair;5 586
   Dont Centre: Ouled Tayeb ;14 187
   Dont Centre: Oulmes;11 145
   Dont Centre: Ounagha ;1 234
   Dont Centre: Ras E l Ain;3 614
   Dont Centre: Ras El Mae;20 463
   Dont Centre: Sebt Jahjouh;3 750
   Dont Centre: Sebt Lamaarif;1 834
   Dont Centre: Sid L'Mokhtar ;13 557
   Dont Centre: Sid Zouine ;12 837
   Dont Centre: Sidi Abdallah Ghiat ;1 701
   Dont Centre: Sidi Addi;4 217
   Dont Centre: Sidi Ahmed;7 126
   Dont Centre: Sidi Ali Ben Hamdouche;8 666
   Dont Centre: Sidi Allal Tazi;4 870
   Dont Centre: Sidi Bibi;6 162
   Dont Centre: Sidi Bouafif;3 350
   Dont Centre: Sidi Boubker;1 894
   Dont Centre: Sidi Bouzid;6 174
   Dont Centre: Sidi Jaber;4 671
   Dont Centre: Sidi Smail;5 565
   Dont Centre: Sidi TaŒbi;46 751
   Dont Centre: Sidi Yahya Zaer;10 006
   Dont Centre: Skhinate;3 509
   Dont Centre: Skhour Rehamna ;5 344
   Dont Centre: Skoura;2 271
   Dont Centre: Skoura;4 332
   Dont Centre: Smimou ;3 210
   Dont Centre: Souk L'had;2 723
   Dont Centre: Tabounte;31 072
   Dont Centre: Tafersit;3 137
   Dont Centre: Tafetachte ;1 271
   Dont Centre: Taghjijt;6 700
   Dont Centre: Tainaste;1 695
   Dont Centre: Talsint;9 079
   Dont Centre: Tamassint;1 831
   Dont Centre: Tamensourte ;25 077
   Dont Centre: Tameslohte ;9 093
   Dont Centre: Tamesna;28 119
   Dont Centre: Temsia;27 955
   Dont Centre: Tendrara;8 507
   Dont Centre: Thighza;1 786
   Dont Centre: Tiddas;3 520
   Dont Centre: Tighassaline;8 810
   Dont Centre: Timahdite;3 567
   Dont Centre: Tizi Ouasli;1 677
   Dont Centre: Tiztoutine ;4 784
   Dont Centre: Tnine Sidi Lyamani;1 058
   Dont Centre: Tounfite;8 169
   Dont Centre: Zaida;7 172
   Dont Centre: Zaouiat Bougrine;4 112
   Dont Centre: Zirara;8 000
   Dont Centre: Zoualet;10 060
   Dont Centre: Zoumi;4 438
   Dont Centre: Zrarda;4 188
Aarab Sebbah Gheris;4 397
Aarab Sebbah Ziz;19 192
Abadou;10 602
Abaynou;2 422
Abbou Lakhal;2 017
Abdelghaya Souahel;25 817
Abteh;264
Adaghas;2 825
Adar;4 344
Adassil;7 454
Aday;3 005
Adis;6 511
Adrej;1 709
Afalla Issen;8 129
Afella Ighir;2 973
Afella N'Dra;7 203
Aferkat;1 460
Afourar;21 382
Afra;8 939
Afsou;2 932
Agadir (Mun.);421 844
Agadir Melloul;8 848
Agafay;15 452
Agdal (Arrond.);142 407
Agdal Riyad (Arrond.);77 257
Agdz (Mun.);10 681
Aghbal;14 908
Aghbala;12 781
Aghbalou;9 547
Aghbalou Aqorar;9 715
Aghbalou N'Kerdous;10 313
Aghbar;5 182
Aghouatim;30 776
Aghouinite;pm
Aglif;8 028
Agoudi N'Lkhair;11 752
Agoudim;4 113
Agourai (Mun.);16 651
Aguelmam Azegza;7 684
Aguelmous;35 626
Aguerd;5 378
Aguinane;2 801
Ahdil;11 438
Ahfir (Mun.);19 630
Ahl Angad;14 196
Ahl Oued Za;11 931
Ahl Ramel;8 132
Ahl Sidi Lahcen;4 287
Ahl Tifnoute;5 910
Ahlaf;11 451
Ahmar Laglalcha;17 950
Ain Aicha;25 417
Ain Attig (Mun.);25 078
Ain Beida;11 978
Ain Bida;7 843
Ain Blal;4 699
Ain Bni Mathar (Mun.);16 289
Ain Bou Ali;12 282
Ain Chair;1 554
Ain Cheggag;20 456
Ain Chkef;54 477
Ain Chouater;1 006
Ain Dfali;24 241
Ain Dorbane-Lahlaf;8 120
Ain El Aouda (Mun.);49 816
Ain Erreggada (Mun.);2 694
Ain Harrouda (Mun.);62 420
Ain Jemaa;15 265
Ain Johra -Sidi Boukhalkhal;17 307
Ain Kaicher;4 609
Ain Kansra;12 291
Ain Karma- Oued Rommane;13 828
Ain Lahsan;6 742
Ain Legdah;11 422
Ain Lehjer;8 272
Ain Leuh;9 669
Ain Maatouf;10 104
Ain Mediouna;15 770
Ain Orma;3 495
Ain Sbit;11 051
Ain Sfa;4 490
Ain Taoujdate (Mun.);28 288
Ain Tazitounte;5 509
Ain Timguenai;6 519
Ain Tizgha;15 692
Ain Zohra;10 601
AŒn-Chock (Arrond.);377 744
AŒn-Sebaƒ (Arrond.);171 452
Ait Aadel;7 925
Ait Abbas;12 633
Ait Abdallah;2 086
Ait Aissi Ihahane;4 143
Ait Ali ou Lahcen;5 128
Ait Amira;76 646
Ait Ammar;4 260
Ait Ayach;11 946
Ait Baha (Mun.);5 668
Ait Bazza;2 955
Ait Belkacem;4 466
Ait Ben Yacoub;4 012
Ait Blal;7 770
Ait Bou Oulli;11 095
Ait Boubidmane;19 501
Ait Boudaoud;5 439
Ait Boufoulen;1 045
Ait Bourzouine;8 289
Ait Buyahya El Hajjama;4 471
Ait Daoud (Mun.);2 957
Ait El Farsi;5 754
Ait El Mane;1 927
Ait Erkha;5 112
Ait Faska;26 210
Ait Haddou Youssef;6 263
Ait Hadi;7 431
Ait Hammou;7 548
Ait Hani;10 587
Ait Harz Allah;13 555
Ait Hkim-Ait Yzid;8 812
Ait Iaaza (Mun.);14 259
Ait Ichou;1 809
Ait Igas;10 256
Ait Ikkou;8 865
Ait Imour;14 544
Ait Ishaq;19 133
Ait Issafen;3 293
Ait Izdeg;6 819
Ait Kamra;7 685
Ait Mait;5 613
Ait Majden;17 572
Ait Makhlouf;4 752
Ait Malek;4 856
Ait Mazigh;3 330
Ait Melloul (Mun.);171 847
Ait M'Hamed;23 696
Ait Milk;10 370
Ait Mimoune;8 486
Ait Mzal;3 814
Ait Naamane;6 307
Ait Ouaarda;1 644
Ait Ouabelli;2 401
Ait Ouadrim;5 817
Ait Ouafqa;4 210
Ait Ouallal;5 330
Ait Ouallal;11 224
Ait Ouassif;8 246
Ait Ouikhalfen;3 849
Ait Oum El Bekht;8 198
Ait Oumdis;15 408
Ait Ouqabli;3 298
Ait Ouribel;9 640
Ait Ourir (Mun.);39 108
Ait Saadelli;2 540
Ait Saghrouchen;16 085
Ait Said;6 819
Ait Sebaa Lajrouf;17 466
Ait Sedrate JbelEl Oulia;5 031
Ait Sedrate JbelEL Soufla;5 273
Ait Sedrate Sahl Charkia;15 349
Ait Sedrate Sahl El Gharbia;17 392
Ait Siberne;4 900
Ait Sidi Daoud;18 976
Ait Taguella;8 268
Ait Taleb;8 649
Ait Tamlil;19 930
Ait Yaazem;16 091
Ait Yadine;20 502
Ait Yahya;4 560
Ait Youl;4 870
Ait Youssef Ou Ali;12 673
Ait Zineb;10 078
Ajdir;10 214
Ajdir (Mun.);5 314
Akarma;5 171
Akhfennir;2 280
Akka (Mun.);6 870
Akka Ighane;6 452
Aklim (Mun.);9 695
Aknoul (Mun.);4 403
Al Aaroui (Mun.);47 599
Al Bahraoyine;8 465
Al Barkanyene;2 540
Al Hamra;11 118
Al Haouafate;17 842
Al Hoceima (Mun.);56 716
AL Kharroub;2 510
Al Machouar - Stinia (Mun.);4 664
Al Mahbass;4 208
Al Majjatia Oulad Taleb;32 286
Al Manzla;2 650
Al Oued;11 288
Al-Fida (Arrond.);158 667
Allougoum;8 418
Allyene;6 583
Almis Marmoucha;2 461
Alnif;22 724
Alouidane;28 194
Amalou;3 256
Amejjaou;4 988
Amellagou;4 975
Amersid;5 857
Amerzgane;8 820
Ameur;46 590
Ameur Chamalia;19 369
Ameur Seflia;28 540
Amgala;2 945
Amghras;6 160
Amizmiz (Mun.);14 364
Ammelne;3 603
Amouguer;4 840
Amskroud;9 351
Amtar;10 574
Amtdi;1 472
Anemzi;4 885
Anergui;3 570
Anfa (Arrond.);94 504
Anfeg;5 071
Anjra;16 081
Annakhil (Arrond.);64 590
Anougal;4 353
Anzi;7 658
Anzou;15 429
Aoufous;10 424
Aouguenz;4 801
Aouint Lahna;2 391
Aouint Yghomane;3 042
Aoulouz (Mun.);17 409
Aourir;36 948
Aousserd;5 822
Aqesri;4 128
Aquermoud;15 662
Aquouass Briech;4 993
Arazane;7 999
Arbaa Ait Abdellah;3 208
Arbaa Ait Ahmed;5 257
Arbaa Rasmouka;5 964
Arbaa Sahel;10 705
Arbaa Taourirt;5 187
Arbaoua;32 690
Arekmane;18 490
Arfoud (Mun.);29 279
Argana;4 804
Asjen;13 139
Askaouen;7 458
Asni;21 244
Asrir;3 566
Assa (Mun.);14 570
Assads;4 650
Assahrij;15 385
Assais;6 915
Assaisse;6 838
Assaki;8 175
Assebbab;7 069
Assif El Mal;7 511
Assilah (Mun.);31 147
Assoukhour Assawda (Arrond.);115 704
Assoul;7 165
Atiamim;7 020
Atouabet;10 704
Ayacha;7 335
Ayir;27 608
Azaghar N'Irs;4 748
Azemmour (Mun.);40 920
Azghar;10 850
Azgour;6 865
Aziar;2 948
Azilal (Mun.);38 520
Azla;16 128
Azlaf;4 919
Azrar;5 038
Azrou (Mun.);54 350
Azzaba;6 444
Bab Berred;25 872
Bab Boudir;5 082
Bab Lamrissa (Arrond.);174 934
Bab Marzouka;18 520
Bab Taza;28 713
Bab Tiouka;7 697
Bahhara Ouled Ayad;31 860
Barkine;9 469
Bejaad (Mun.);46 893
Belfaa;27 699
Belyounech;5 296
Ben Ahmed (Mun.);33 105
Ben Guerir (Mun.);88 626
Ben Khlil;752
Ben Maachou;8 458
Ben Mansour;43 822
Ben M'Sick (Arrond.);131 883
Ben Smim;6 506
Ben Taieb (Mun.);14 257
Beni Malek;26 098
B‚ni Mellal (Mun.);192 676
B‚ni Mellal-Kh‚nifra;2 520 776
Benslimane (Mun.);57 101
Berkane (Mun.);109 237
Berrechid (Mun.);136 634
Bettana (Arrond.);95 291
Bghaghza;6 955
Bhalil (Mun.);12 997
Bigoudine;5 131
Bin El Ouidane;5 421
Biougra (Mun.);37 933
Bir Anzarane;6 244
Bir Ennasr;4 855
Bir Gandouz;4 625
Bir Mezoui;6 131
Bir Taleb;11 370
Bir Tam Tam;9 141
Bitit;14 316
Bizdad;7 959
Bleida;4 629
Bni Abdallah;5 983
Bni Ahmed Cherqia;12 866
Bni Ahmed Gharbia;12 978
Bni Ahmed Imoukzan;9 086
Bni Ammart;6 654
Bni Ansar (Mun.);56 582
Bni Arouss;8 193
Bni Ayat;22 900
Bni Bataou;5 113
Bni Bchir;6 527
Bni Bouayach (Mun.);18 271
Bni Bouchibet;9 032
Bni Boufrah;9 653
Bni Bouifrour;6 418
Bni Bounsar;7 660
Bni Bouzra;16 568
Bni Chegdale;11 444
Bni Chiker;26 884
Bni Darkoul;14 779
Bni Drar (Mun.);10 934
Bni Faghloum;10 378
Bni Frassen;23 429
Bni Ftah;10 919
Bni Garfett;12 994
Bni Gmil;9 513
Bni Gmil Maksouline;9 593
Bni Guil;6 726
Bni Hadifa;5 594
Bni Harchen;6 953
Bni Hassane;12 077
Bni Hilal;17 843
Bni Idder;4 823
Bni Khaled;6 745
Bni Khloug;12 930
Bni Leit;5 324
Bni Lent;11 866
Bni Makada (Arrond.);386 191
Bni Mansour;20 811
Bni Marghnine;6 263
Bni Mathar;8 870
Bni M'Hamed-Sijelmassa;14 433
Bni Oual;7 485
Bni Oukil;15 260
Bni Oukil Oulad M'Hand;10 697
Bni Oulid;10 324
Bni Ounjel Tafraout;6 962
Bni Quolla;16 049
Bni Rzine;20 904
Bni Said;9 103
Bni Salah;11 365
Bni Selmane;24 217
Bni Sidel Jbel;8 930
Bni Sidel Louta;6 283
Bni Smih;16 987
Bni Smir;6 241
Bni Snous;8 811
Bni Tadjite;16 149
Bni Tsiriss;14 067
Bni Yagrine;13 031
Bni Yakhlef;48 338
Bni Ykhlef;9 992
Bni Zoli;18 941
Bni Zrantel;6 597
Bou Azmou;9 583
Bou Jedyane;11 166
Bouabout;11 494
Bouabout Amdlane;7 541
Bouadel;12 684
Bouanane;10 035
Bouarfa (Mun.);28 846
Bouarg;37 737
Bouarouss;18 147
Bouchabel;16 084
Bouchane;9 705
Bouchaouene;13 057
Bouchfaa;10 724
Boudinar;9 863
Boudnib (Mun.);11 373
Boufakrane (Mun.);12 941
Boughriba;20 513
Bouguargouh;9 539
Bouguedra;16 014
Bouhlou;8 748
Bouhmame;23 234
Bouhouda;26 236
Bouizakarne (Mun.);14 228
Boujdour (Mun.);42 651
Boujniba (Mun.);16 030
Boukhrisse;5 204
Boukraa;558
Boulaouane;14 485
Boulemane (Mun.);7 104
Boumaiz;19 684
Boumalne Dades (Mun.);12 328
Boumerieme;8 521
Boumia;18 212
Bounaamane;10 310
Bounrar;6 304
Bouqachmir;3 631
Bourd;8 434
Bourrous;5 986
Bouskoura (Mun.);103 026
Boutferda;7 391
Boutrouch;3 650
Bouya Omar;14 154
Bouyablane;2 410
Bouzemmour;5 874
Bouzeroual;11 166
Bouznika (Mun.);37 238
Brachoua;12 025
Bradia;40 685
Braksa;7 435
Brarha;7 429
Brikcha;10 399
Bsara;1 428
Bulanouare;16 041
Bzou;14 072
Cercle : -;9 792
Cercle : -;11 879
Cercle : -;20 547
Cercle : Abda;122 458
Cercle : Afourar;52 542
Cercle : Agadir  Atlantique;95 432
Cercle : Agadir  Banlieue;83 323
Cercle : Agdz;109 391
Cercle : Aghbala;32 090
Cercle : Agourai;37 763
Cercle : Aguelmous;86 100
Cercle : Ahfir;48 479
Cercle : Ahmar;83 473
Cercle : Ain Bni  Mathar;21 958
Cercle : Ain El Aouda;75 357
Cercle : Ain Orma;46 758
Cercle : Ain Taoujdate;79 400
Cercle : Ait Baha;41 489
Cercle : Ait Melloul;55 367
Cercle : Ait Ourir;149 268
Cercle : Akka;16 914
Cercle : Aklim;60 420
Cercle : Aknoul;46 037
Cercle : Al Gantour;76 539
Cercle : Alnif;42 639
Cercle : Alouidane;76 989
Cercle : Amerzgane;106 426
Cercle : Amizmiz;53 270
Cercle : Anezi;41 947
Cercle : Anjra;42 735
Cercle : Aousserd;11 565
Cercle : Arfoud;35 101
Cercle : Asni;59 881
Cercle : Assa;10 455
Cercle : Assilah;53 109
Cercle : Assoul;17 752
Cercle : Azemmour;106 091
Cercle : Azilal;96 718
Cercle : Azrou;65 665
Cercle : Bab Berred;77 641
Cercle : Bab Taza;101 406
Cercle : Baht;79 187
Cercle : Bejaad;39 216
Cercle : Belfaa- Massa;93 541
Cercle : Ben Ahmed;173 290
Cercle : Ben Mansour;128 780
Cercle : B‚ni Mellal;111 047
Cercle : Benslimane;97 395
Cercle : Berrechid;131 084
Cercle : Biougra;192 471
Cercle : Bir Anzarane;11 580
Cercle : Bir Gandouz;4 625
Cercle : Bni Ahmed;55 303
Cercle : Bni Boufrah;37 935
Cercle : Bni Moussa Charquia;88 555
Cercle : Bni Moussa Gharbia;104 280
Cercle : Bni Ouriaghel;85 956
Cercle : Bni Tadjite;66 488
Cercle : Bou Ahmed;102 247
Cercle : Bouizakarne;35 670
Cercle : Boulemane;57 834
Cercle : Boumalne   Dades;133 689
Cercle : Boumia;60 120
Cercle : Bour;79 490
Cercle : Bouskoura;55 403
Cercle : Bouznika;21 536
Cercle : Bzou;104 026
Cercle : Chichaoua;95 852
Cercle : Chrarda;73 383
Cercle : Daoura -el Hagounia;1 259
Cercle : Debdou;28 768
Cercle : Driouch;60 277
Cercle : El Aioun;26 820
Cercle : El Argoub;8 908
Cercle : El Borouj;96 232
Cercle : El Gara;79 534
Cercle : El Hajeb;23 355
Cercle : El Jadida;188 743
Cercle : El Kbab;75 955
Cercle : El Kelaa Des Sraghna;172 632
Cercle : El Ksiba;69 771
Cercle : El Menzel;50 319
Cercle : Errachidia;57 714
Cercle : Er-Rich;57 737
Cercle : Er-Rissani;39 880
Cercle : Essaouira;198 373
Cercle : Es-Semara;8 979
Cercle : Fahs;33 712
Cercle : FŠs Banlieue;38 059
Cercle : Fetouqka;80 580
Cercle : Figuig;32 119
Cercle : Foum Zguid;34 350
Cercle : Fqih  Ben  Salah;124 079
Cercle : Ghafsai;157 245
Cercle : Gharb-Bni Malek;67 722
Cercle : Goulmima;92 858
Cercle : Guelaia;120 145
Cercle : Guelmim;9 899
Cercle : Guercif;83 611
Cercle : Gzoula;119 507
Cercle : Haouzia;57 270
Cercle : Hrara;111 716
Cercle : Ifni;39 667
Cercle : Imilchil;34 672
Cercle : Imintanoute;63 761
Cercle : Imouzzer  Kandar;37 922
Cercle : Irherm;42 031
Cercle : Jebala;63 469
Cercle : Jebha;78 049
Cercle : Jerada Banlieue;23 837
Cercle : Jraifia;7 915
Cercle : Karia Ba  Mohamed;134 923
Cercle : Kasba Tadla;52 362
Cercle : Kceibya;67 903
Cercle : K‚nitra-Banlieue;117 375
Cercle : Ketama;97 903
Cercle : Kh‚misset;91 774
Cercle : Kh‚nifra;48 850
Cercle : Khouribga;72 628
Cercle : Laattaouia;146 903
Cercle : Laayoune;2 447
Cercle : Lakhsas;49 677
Cercle : Lalla Mimouna;93 850
Cercle : Laqsabi;9 693
Cercle : Loudaya;78 717
Cercle : Loukouss;115 794
Cercle : Louta;80 393
Cercle : Majjat;99 017
Cercle : MeknŠs Banlieue;89 463
Cercle : Midelt;55 512
Cercle : Missour;26 180
Cercle : Moqrisset;46 061
Cercle : Moulay  Yacoub;96 508
Cercle : Moulay Abdeslem-Ben M'chich;44 633
Cercle : Msied;2 290
Cercle : Mtouga;62 619
Cercle : Ouaouizeght;64 159
Cercle : Ouargha;78 040
Cercle : Ouarzazate;112 728
Cercle : Oued Amlil;90 830
Cercle : Oued El Makhazine;84 635
Cercle : Oued-Zem;65 277
Cercle : Ouezzane;138 146
Cercle : Oujda  Banlieue Nord;26 859
Cercle : Oujda  Banlieue Sud;18 634
Cercle : Oulad   Berhil;132 478
Cercle : Oulad Jemaa Lemta;72 959
Cercle : Oulad Teima;179 400
Cercle : Oulmes;61 054
Cercle : Oultana;87 952
Cercle : Outat El Haj;60 293
Cercle : Rehamna;118 259
Cercle : Rif;106 763
Cercle : Rommani;73 111
Cercle : Saada;166 422
Cercle : Sal‚  Banlieue;66 505
Cercle : Sefrou;56 859
Cercle : Settat;155 318
Cercle : Sidi Bennour;253 952
Cercle : Sidi Bou Othmane;99 011
Cercle : Sidi slimane;121 536
Cercle : Sidi Smail;174 622
Cercle : Souk Arbaa  El Gharb;77 141
Cercle : Souk Tlet  El Gharb;115 106
Cercle : Taddart;42 226
Cercle : Tafraout;16 292
Cercle : Tahannaout;137 873
Cercle : Tahla;49 730
Cercle : Tainaste;66 577
Cercle : Taliouine;110 304
Cercle : Tamallalt;65 969
Cercle : Tamanar;151 354
Cercle : Tan Tan;1 340
Cercle : Taounate;133 164
Cercle : Taourirt;27 410
Cercle : Tarfaya;3 796
Cercle : Targuist;50 317
Cercle : Taroudannt;125 967
Cercle : Tata;25 757
Cercle : Taza;84 252
Cercle : T‚mara;35 646
Cercle : T‚touan;96 453
Cercle : Tiflet;69 868
Cercle : Tilal Al Gharb;73 602
Cercle : Tinghir;57 004
Cercle : Tinzouline;82 534
Cercle : Tissa;157 798
Cercle : Tit Mellil;52 635
Cercle : Tiznit;68 084
Cercle : Touama;107 262
Cercle : Zag;6 336
Cercle : Zagora;64 633
Cercle : Zemamra;129 402
Cercle : Zerhoun;42 839
Cercle : Znata;133 616
Cercle : Zoumi;56 824
Chahda;10 370
Chaibate;9 877
Chakrane;4 761
Charf-Mghogha (Arrond.);201 122
Charf-Souani (Arrond.);117 557
Charqaoua;5 526
Charrate;9 754
Chbanate;10 371
Chbika;324
Chefchaouen (Mun.);42 786
Chichaoua (Mun.);27 869
Choara;11 023
Chorfa M'Daghra;14 312
Chouafaa;18 436
Chougrane;6 864
Chouihia;12 245
Chtaiba;9 122
Chtouka;33 170
Dakhla (Mun.);106 277
Daoura;1 108
Dar Bel Amri;28 156
Dar Bni Karrich;8 499
Dar Bouazza (Mun.);151 373
Dar Chaffai;17 454
Dar Chaoui;4 303
Dar El Hamra;4 018
Dar El Kebdani;9 911
Dar Gueddari (Mun.);6 643
Dar Jamaa;5 911
Dar Laaslouji;32 127
Dar Ould Zidouh;31 170
Dar Oum Soltane;8 840
Dar Si Aissa;11 946
Dayat Aoua;9 854
Dcheira;509
Dcheira El Jihadia (Mun.);100 336
Debdou (Mun.);4 960
Demnate (Mun.);29 504
Derdara;11 547
Deroua (Mun.);47 719
Dir El Ksiba;22 855
Dkhissa;19 908
Douirane;16 138
Drƒa-Tafilalet;1 635 008
Drargua;70 793
Driouch (Mun.);14 741
Dzouz;11 501
Echatea El Abied;1 158
Ech-challalate;53 503
Echemmaia (Mun.);24 303
Eddachra;7 522
Eddakhla-Oued Eddahab;142 955
Eddir;7 565
El Aamria;9 454
El Aioun Sidi Mellouk (Mun.);41 832
El Argoub;5 759
El Atef;3 215
El Beddouza;14 084
El Bibane;6 303
El Borj;3 812
El Borouj (Mun.);19 235
El Bsabsa;8 019
El Faid;12 011
El Foqra;3 154
El Gantour;18 544
El Ganzra;13 209
El Gara (Mun.);20 855
El Ghiate;25 162
El Gouraani;11 291
El Gouzate;6 575
El Guerdane (Mun.);12 313
El Hagounia;151
El Hajeb (Mun.);35 282
El Hammam;12 830
El Hanchane (Mun.);4 965
El Jadida (Mun.);194 934
El Kbab;16 157
El Kelaƒ des Sraghna (Mun.);95 224
El Koudia El Beida;21 875
El Ksiba (Mun.);20 001
El Maader El Kabir;6 885
El Maarif (Arrond.);170 689
El Mansouria (Mun.);19 853
El Marbouh;8 774
El Mariniyine (Arrond.);209 494
El Marsa (Mun.);17 917
El Menzeh;11 370
El Menzel (Mun.);12 641
El Mers;5 152
El Orjane;7 740
El Ouatia (Mun.);9 295
El Youssoufia (Arrond.);170 561
Enjil;8 364
En-nzala;4 390
Ermila;7 690
Errachidia (Mun.);92 374
Errafiaya;5 502
Er-rich (Mun.);25 992
Er-rissani;5 010
Errouha;10 523
Er-rteb;13 461
Esbiaat;14 986
Essaouira (Mun.);77 966
Es-semara (Mun.);57 035
Es-sfalat;11 483
Es-sifa;7 035
Et-taous;6 792
Ezzaouite;6 341
Ezzhiliga;15 430
Fam El Hisn (Mun.);6 353
Fask;3 943
Fdalate;11 966
Fennassa Bab El Hit;11 381
Ferkla El Oulia;22 722
Ferkla Es-soufla;12 335
FŠs-M‚dina (Arrond.);70 592
FŠs-MeknŠs;4 236 892
Fezna;4 477
Fezouane;5 089
Fezouata;9 416
Fifi;8 104
Figuig (Mun.);10 872
Fnideq (Mun.);77 436
Foqra Oulad Aameur;6 256
Foum El Anceur;18 412
Foum El Oued;1 380
Foum Jemaa;9 873
Foum Oudi;12 233
Foum Zguid (Mun.);8 986
Fquih Ben Salah (Mun.);102 019
Fraita;11 298
Freija;8 792
Fritissa;29 460
Gafait;2 656
Galaz;17 333
Galdamane;21 433
Gdana;9 084
Ghafsai (Mun.);6 361
Ghassate;8 448
Gheris El Ouloui;12 043
Gheris Es-soufli;6 867
Ghiata Al Gharbia;23 038
Ghmate;25 220
Gleibat El Foula;2 190
Gmassa;9 388
Goulmima (Mun.);16 419
Gourrama;14 927
Grand Casablanca-Settat;6 861 739
Gteter;7 303
Gueliz (Arrond.);192 774
Guelmim (Mun.);118 318
Guelmim-Oued Noun;433 757
Gueltat Zemmour;6 393
Guenfouda;5 591
Guercif (Mun.);90 880
Guers Tiaallaline;12 927
Guettaya;14 425
Gueznaia (Mun.);23 601
Guigou;21 607
Guir;4 022
Guisser;12 289
Gzenaya Al Janoubia;9 937
Had Al Gharbia;12 274
Had Bouhssoussen;7 368
Had Boumoussa;44 672
Had Dra;8 989
Had Kourt (Mun.);7 843
Had Soualem (Mun.);36 765
Haddada;15 898
Haouza;5 462
Haouzia;28 821
Harbil;51 881
Harhoura (Mun.);15 361
Hassan (Arrond.);108 179
Hassi Berkane;8 788
Hattane (Mun.);10 618
Hay Mohammadi (Arrond.);138 760
Hay-Hassani (Arrond.);468 542
Hel Merbaa;12 025
Hiadna;11 387
Hilala;2 684
HJAR ENNHAL;9 792
Houara Oulad Raho;31 462
Houderrane;6 414
Hrara;26 103
Hssaine (Arrond.);214 540
H'Ssyia;13 741
Iaazzanene;11 131
Ibdar;5 140
Ibn Yacoub;2 919
Ichamraren;7 023
Ida Ou Aazza;7 923
Ida Ou Gailal;6 436
Ida Ou Gougmar;5 792
Ida Ou Guelloul;5 999
Ida Ou Kazzou;5 182
Ida Ou Moumen;6 105
Ida Ougnidif;2 149
Ida Ougoummad;7 880
Idelsane;8 374
Idmine;3 179
Iferni;6 365
Ifrane (Mun.);14 659
Ifrane Atlas Saghir;11 205
Ighil;5 695
Ighil N'Oumgoun;22 010
Ighoud;22 870
Ighrem N'Ougdal;14 804
Ighzrane;9 626
Igli;11 197
Igoudar Mnabha;8 767
Iguerferouane;11 812
Iguidi;9 100
Ihaddadene;14 345
Ijermaouas;7 540
Ijoukak;6 700
Ikniouen;18 235
Iksane;8 417
Imaouen;2 466
Imgdal;5 467
Imgrade;6 486
Imi Mqourn;10 748
Imi N'Fast;2 465
Imi N'Oulaoune;21 061
Imi N'Tayart;1 164
Imi N'Tlit;8 057
Imider;4 420
Imilchil;8 870
Imilmaiss;6 584
Imindounit;11 363
Imintanoute (Mun.);20 837
Imlil;10 435
Imlili;3 149
Imoulass;8 388
Imouzzer;5 402
Imouzzer Kandar (Mun.);19 125
Imouzzer Marmoucha (Mun.);4 213
Imrabten;8 715
Imsouane;8 866
Imzouren (Mun.);33 852
Inchaden;28 806
Inezgane (Mun.);130 333
Iounane;25 021
Iqaddar;8 759
Irherm (Mun.);4 108
Irigh N'Tahala;1 577
Irohalen;5 854
Isly;6 710
Issafen;3 459
Issaguen;17 095
Isseksi;1 674
Issen;12 119
Itzer;10 613
Izemmouren;5 153
Iznaguen;12 017
Jaafra;10 896
Jabria;19 676
Jahjouh;7 485
Jaidate;12 330
Jamaat Shaim (Mun.);11 251
Jaqma;10 306
Jbabra;18 592
Jbarna;2 730
Jbel Lahbib;3 780
Jbiel;11 376
Jbilate;11 234
Jdiriya;248
Jdour;20 239
Jemaat Moul Blad;5 619
Jerada (Mun.);43 506
Jnan El Ouard (Arrond.);201 011
Jnane Bouih;19 706
Jorf (Mun.);12 302
Jorf El Melha (Mun.);28 681
Jouala;11 168
Jouamaa;7 711
Jraifia;950
Kaf El Ghar;8 104
Kalaat Bouqorra;16 163
Kalaat M'Gouna (Mun.);16 956
Kandar Sidi Khiar;9 323
Karia Ba Mohamed (Mun.);18 762
Kariat Ben Aouda;11 087
Kasba Tadla (Mun.);47 343
Kasbat Ben Mchich;14 905
Kasbat Sidi Abdellah Ben M'Barek;6 196
Kasbat Troch;9 194
Kceibya;27 059
Kechoula;6 083
K‚nitra (Mun.);431 282
Kerrouchen;7 021
Ketama;17 351
Khalfia;15 451
Khatazakane;16 014
Khemis Sidi Yahya;6 673
Kh‚misset (Mun.);131 542
Khemisset Chaouia;5 527
Khenifra (Mun.);117 510
Khlalfa;14 681
Khmis Ksiba;5 665
Khnichet;23 707
Khouribga (Mun.);196 196
Khouzama;7 488
Kissane;13 390
Korimate;9 897
Koudiat Bni Dghough;15 181
Kouzemt;4 103
Kridid;14 351
Krifate;29 214
Ksabi Moulouya;10 614
Ksar Bjir;16 308
Ksar El Kebir (Mun.);126 617
Ksar El Majaz;10 237
Ksar Sghir;12 997
Ktaoua;8 921
Laagagcha;13 748
Laajajra;14 476
Laamamra;12 717
Laamria;10 520
Laanoussar;8 501
Laaouama;8 013
Laaouinate;3 867
Laaounate;17 850
Laatamna;13 996
Laatamna;10 063
Laatatra;17 593
Laattaouia (Mun.);30 315
Laattaouia Ech-chaibia;5 444
Laayoune (Mun.);217 732
Laayoune-Sakia El Hamra;367 758
Labkhati;14 324
Labouirat;2 128
Labrikiyne;11 619
Labyar;546
Lagdadra;6 825
Lagfaf;8 510
Lagfifat;18 811
Laghdir;7 284
Laghdira;19 973
Laghnadra;33 553
Laghnimyine;17 513
Laghoualem;12 219
Lagnadiz;7 227
Lagouira (Mun.);pm
Lahdar;13 870
Lahouaza;7 394
Lahraouyine (Mun.);64 821
Lahsasna;9 315
Lahsinate;5 315
Lakhnafif;9 936
Lakhoualqa;16 375
Lakhsas (Mun.);4 729
Lakhzazra;8 582
Lalla Aaziza;8 448
Lalla Mimouna;29 479
Lalla Takarkoust;7 311
Lamaachate;15 389
Lambarkiyine;8 559
Lamhadi;11 135
Lamhara;11 374
Lamharra;9 477
Lamharza Essahel;17 766
Lamjaara;18 820
Lamnizla;4 224
Lamrabih;20 461
Lamrasla;18 335
Lamrija;14 563
Lamsabih;11 339
Lamssid;572
Lamzoudia;25 674
Laouamra;40 605
Laqraqra;11 419
Laqsabi Tagoust;2 413
Laqsir;32 028
Larache (Mun.);125 008
Layayda (Arrond.);153 361
Lbir Jdid (Mun.);24 136
Lebkhata;2 612
Lehri;9 085
Lgharbia;22 729
Lkheng;14 177
Lmechrek;16 141
Louad Lakhdar;9 303
Louadaine;11 767
Loualidia;18 616
Loudaya;33 767
Loulad (Mun.);6 057
Loulja;15 956
Lounasda;10 639
Louta;4 428
Lqliaa (Mun.);83 235
Maadna;6 227
Maatarka;7 986
Maaziz;11 502
Machraa Ben Abbou;9 355
Machraa El Ain;11 378
Madagh;14 486
Maghraoua;8 204
Majjat;13 258
Majjate;9 074
Majmaa Tolba;12 609
Mallalienne;9 177
Malloussa;12 250
Mansoura;15 820
Marchouch;11 724
Marrakech-M‚dina (Arrond.);120 643
Marrakech-Safi;4 520 569
Martil (Mun.);64 355
Masmouda;16 106
Massa;17 579
Matmata;11 928
Mayate;12 101
Mazguitam;8 087
M'Diq (Mun.);56 227
Mechouar de Casablanca (Mun.);2 645
M‚chouar FŠs Jdid (Mun.);20 560
M‚chouar-Kasba (Mun.);16 860
Mechraa Bel Ksiri (Mun.);31 497
Mechraa Hammadi;5 646
Mediouna (Mun.);22 442
Mehdya (Mun.);28 636
Mejji;6 750
Meknassa Acharqia;6 020
Meknassa Al Gharbia;3 890
MeknŠs (Mun.);520 428
Melaab;17 360
Melg El Ouidane;8 176
Mellila;15 081
M‚nara (Arrond.);411 094
Mers El Kheir;20 617
Mers-Sultan (Arrond.);129 759
Meskala;4 330
Meskoura;7 180
Messassa;9 501
Mestegmer;6 469
Mestferki;4 378
Mesti;2 931
Metrane;10 580
Mettouh;25 856
Mezguita;8 451
Mezraoua;8 317
M'Fassis;5 411
M'Garto;8 514
M'Hajer;9 386
M'Hamid El Ghizlane;7 590
M'haya;26 395
Mibladen;3 084
Midar (Mun.);15 021
Midelt (Mun.);55 304
Mijik;pm
Mikkes;6 089
Mirleft;8 162
Missour (Mun.);25 584
Mkansa;23 155
M'Khalif;5 387
M'Nabha;12 893
Mnasra;34 429
Mniaa;11 789
Mograne;31 292
Mogress;15 705
Moha Ou Hammou Zayani;9 286
Mohammadia (Mun.);208 612
Moqrisset;10 545
Moualine El Oued;9 129
Mouarid;6 161
Moul El Bergui;15 342
Moulay Abdelkader;7 896
Moulay Abdelkrim;7 392
Moulay Ahmed Cherif;9 765
Moulay Aissa Ben Driss;13 797
Moulay Ali Cherif (Mun.);22 209
Moulay Bouazza;8 490
Moulay Bouchta;14 347
Moulay Bousselham;26 608
Moulay Bouzarqtoune;6 069
Moulay Brahim;11 813
Moulay Driss Aghbal;5 043
Moulay Driss Zerhoun (Mun.);11 615
Moulay Rachid (Arrond.);245 484
Moulay Yacoub (Mun.);4 612
M'qam Tolba;13 503
M'Ramer;7 587
MRhassiyine;8 001
Mrija;3 359
M'Rirt (Mun.);42 730
Mrizigue;8 376
M'saada;19 853
M'Semrir;8 866
Msied;1 275
Msila;8 356
M'Ssici;6 174
M'Tal;9 913
Mtalssa;16 787
Mtarnagha;4 554
M'tioua;12 812
My Abdellah;74 671
Mzamza Janoubia;20 802
Mzefroune;6 973
M'Zem Sanhaja;10 310
Mzilate;4 209
M'Zizel;7 388
M'Zouda;23 148
Mzoura;9 525
Nador (Mun.);161 726
Nagga;22 542
Naima (Mun.);1 088
Naour;5 999
Nekkour;8 963
Nfifa;6 463
Nihit;1 883
N'Khila;12 306
N'Kob;7 209
Nouaceur (Mun.);23 802
Nouirate;24 805
N'zalat Bni Amar;8 350
Nzalat Laadam;14 838
Oriental;2 314 346
Ouad Essafa;56 547
Ouad L'bour;5 944
Ouahat Sidi Brahim;25 320
Ouaklim;11 338
Oualili;9 735
Oualqadi;2 146
Ouaouizeght;14 570
Ouaoula;24 790
Ouaoumana;8 849
Ouaouzgane;16 772
Ouardana;7 120
Ouargui;10 384
Ouartzagh;14 381
Ouarzazate (Mun.);71 067
Ouazguita;5 440
Oudka;8 494
Oued Amlil (Mun.);10 405
Oued El Makhazine;7 266
Oued Ifrane;10 805
Oued Jdida;14 935
Oued Jemaa;9 190
Oued Laou (Mun.);9 665
Oued Malha;13 639
Oued Naam;5 340
Oued Naanaa;6 991
Oued Zem (Mun.);95 267
Ouezzane (Mun.);59 606
Ouijjane;4 938
Ouirgane;7 727
Ouislane (Mun.);87 910
Ouisselsate;14 196
Ouizeght;5 743
Oujda (Mun.);494 252
Oukaimden;4 861
Oulad Aamer;7 015
Oulad Aamer Tizmarine;5 150
Oulad Aarrad;5 606
Oulad Abbou (Mun.);11 299
Oulad Abdoune;13 574
Oulad Aissa;5 845
Oulad Aissa;23 370
Oulad Aissa;12 331
Oulad Ali Mansour;5 306
Oulad Ali Toualaa;5 504
Oulad Ali Youssef;5 212
Oulad Amer;6 673
Oulad Amghar;6 010
Oulad Amrane;12 252
Oulad Ayyad;9 566
Oulad Azzouz;9 815
Oulad Azzouz;40 372
Oulad Berhil (Mun.);24 288
Oulad Bouali Loued;6 822
Oulad Bouali Nouaja;6 507
Oulad Boubker;8 054
Oulad Boughadi;8 648
Oulad Bourima;1 486
Oulad Boussaken;7 390
Oulad Chbana;8 081
Oulad Cherki;7 399
Oulad Chrif;9 237
Oulad Dahou;14 587
Oulad Daoud;11 978
Oulad Daoud Zkhanine;3 940
Oulad El Garne;8 150
Oulad Fares;12 341
Oulad Fares El Halla;3 021
Oulad Fennane;7 575
Oulad Freiha;11 581
Oulad Ftata;2 625
Oulad Ghziyel;7 522
Oulad Gouaouch;2 709
Oulad Hamdane;11 577
Oulad Hassoune;23 475
Oulad Hassoune Hamri;7 662
Oulad Imloul;9 614
Oulad Khallouf;8 605
Oulad Massaoud;5 011
Oulad M'Hamed;10 187
Oulad M'hammed;1 310
Oulad Mimoun;9 372
Oulad Mkoudou;6 667
Oulad Moumna;7 513
Oulad M'Rabet;3 996
Oulad M'Rah (Mun.);8 697
Oulad Msabbel;6 254
Oulad Mtaa;6 937
Oulad Nouel;11 371
Oulad Ouchih;12 608
Oulad Rahmoune;28 449
Oulad Said;9 271
Oulad Salah;15 031
Oulad Sbaita;25 650
Oulad Sbih;6 616
Oulad Settout;23 218
Oulad Sghir;13 866
Oulad Si Bouhya;18 198
Oulad Sidi Abdelhakem;2 207
Oulad Sidi Ali Ben Youssef;10 032
Oulad Tayeb;24 594
Oulad Teima (Mun.);89 387
Oulad Yaacoub;7 143
Oulad Yahia Lagraire;12 019
Oulad Yahya Louta;9 430
Oulad Zarrad;12 233
Oulad Zbair;17 747
Oulad Ziyane;17 095
Ouled Ayad (Mun.);23 818
Ouled Ben Hammadi;12 778
Ouled Bourahmoune;15 113
Ouled Cebbah;7 606
Ouled Dlim;14 716
Ouled Frej;19 752
Ouled Ghanem;24 775
Ouled Gnaou;12 720
Ouled Hcine;32 130
Ouled H'Cine;30 215
Ouled M'Barek;19 774
Ouled Nacer;28 438
Ouled Said L'Oued;14 351
Ouled Salmane;16 979
Ouled Slama;19 488
Ouled Yaich;27 476
Ouled Youssef;14 596
Ouled Zidane;6 434
Ouled Zmam;33 652
Oulmes;18 786
Oum Dreyga;3 146
Oum El Guerdane;3 370
Oum Rabia;9 555
Oumazza;6 197
Ounagha;12 461
Ouneine;7 866
Ounnana;12 801
Ourika;37 316
Outabouabane;9 856
Outat El Haj (Mun.);16 388
Outerbat;6 819
Ouzioua;7 692
Pr‚fecture d?Arrondissement  A‹n Chock;377 744
Pr‚fecture d?Arrondissement  Hay Hassani;468 542
Pr‚fecture d?Arrondissements A‹n Sebaƒ-Hay Mohammadi;425 916
Pr‚fecture d?Arrondissements Al Fida-Mers Sultan;288 426
Pr‚fecture d?Arrondissements Ben M?sick;248 138
Pr‚fecture d?Arrondissements Casablanca Anfa;454 908
Pr‚fecture d?Arrondissements Moulay Rachid;465 531
Pr‚fecture d?Arrondissements Sidi Bernoussi;627 968
Pr‚fecture: Agadir-Ida -Ou-Tanane;600 599
Pr‚fecture: Casablanca;3 359 818
Pr‚fecture: FŠs;1 150 131
Pr‚fecture: Inezgane- Ait Melloul;541 118
Pr‚fecture: Marrakech;1 330 468
Pr‚fecture: M'Diq-Fnideq;209 897
Pr‚fecture: MeknŠs;835 695
Pr‚fecture: Mohammadia;404 648
Pr‚fecture: Oujda-Angad;551 767
Pr‚fecture: Rabat;577 827
Pr‚fecture: Sal‚;982 163
Pr‚fecture: Skhirate- T‚mara;574 543
Pr‚fecture: Tanger-Assilah;1 065 601
Province: Al  Haouz;573 128
Province: Al Hoceima;399 654
Province: Aousserd;16 190
Province: Assa-Zag;44 124
Province: Azilal;554 001
Province: B‚ni Mellal;550 678
Province: Benslimane;233 123
Province: Berkane;289 137
Province: Berrechid;484 518
Province: Boujdour;50 566
Province: Boulemane;197 596
Province: Chefchaouen;457 432
Province: Chichaoua;369 955
Province: Chtouka- Ait Baha;371 102
Province: Driouch;211 059
Province: El  Hajeb;247 016
Province: El Jadida;786 716
Province: El Kelƒa des  Sraghna;537 488
Province: Errachidia;418 451
Province: Essaouira;450 527
Province: Es-Semara;66 014
Province: Fahs-Anjra        ;76 447
Province: Figuig;138 325
Province: Fquih Ben Salah;502 827
Province: Guelmim;187 808
Province: Guercif;216 717
Province: Ifrane;155 221
Province: Jerada;108 727
Province: K‚nitra;1 061 435
Province: Kh‚misset;542 221
Province: Kh‚nifra;371 145
Province: Khouribga;542 125
Province: Laƒyoune;238 096
Province: Larache;496 687
Province: M‚diouna;172 680
Province: Midelt;289 337
Province: Moulay Yacoub;174 079
Province: Nador;565 426
Province: Nouaceur;333 604
Province: Ouarzazate;297 502
Province: Oued Ed-Dahab;126 765
Province: Ouezzane;300 637
Province: Rehamna;315 077
Province: Safi;691 983
Province: Sefrou;286 489
Province: Settat;634 184
Province: Sidi Bennour;452 448
Province: Sidi Ifni;115 691
Province: Sidi Kacem;522 270
Province: Sidi Slimane;320 407
Province: Tan-Tan;86 134
Province: Taounate;662 246
Province: Taourirt;233 188
Province: Tarfaya;13 082
Province: Taroudannt;838 820
Province: Tata;117 841
Province: Taza;528 419
Province: T‚touan;550 374
Province: Tinghir;322 412
Province: Tiznit;207 367
Province: Youssoufia;251 943
Province: Zagora;307 306
Rabat-Sal‚-K‚nitra;4 580 866
Rahhala;5 691
Ras Ain Rhamna;14 284
Ras Asfour;1 274
Ras El Ain;19 614
Ras El Ain Chaouia;14 747
Ras El Ma (Mun.);7 580
Ras El Oued;15 778
Ras Ijerri;6 502
Ras Laksar;10 515
Ras Tabouda;6 388
Rass Oumlil;1 172
Ratba;16 825
Rbaa El Fouki;7 144
Rdadna Oulad Malek;4 561
Reggada;13 284
Rfala;9 749
Rghioua;4 218
Rhouazi;18 081
Riah;8 373
Ribate El Kheir (Mun.);16 739
Rima;8 949
Rislane;4 265
Rissana Chamalia;12 484
Rissana Janoubia;16 366
Rmilat;16 861
Rommani (Mun.);12 297
Rouached;4 484
Rouadi;7 131
Saada;67 086
Saadla;16 633
Sabaa Aiyoun (Mun.);26 277
Sabbah;15 029
Saddina;6 670
Safi (Mun.);308 508
Sahel;17 496
Sahel Chamali;5 358
Sahel Oulad H'Riz;38 156
Sahtryine;8 036
Saidate;6 427
Saidia (Mun.);8 780
Saiss (Arrond.);207 345
Saka;21 048
Saniat Berguig;28 854
Sbata (Arrond.);116 255
Sbouya;3 944
Sebaa Rouadi;23 519
Sebt Ait Rahou;9 245
Sebt Azzinate;5 153
Sebt Ennabour;7 222
Sebt Gzoula (Mun.);18 543
Sebt Loudaya;12 423
Sebt Saiss;10 488
Sefrou (Mun.);79 887
Sefsaf;25 075
Selfat;10 239
Selouane (Mun.);21 570
Semguet;8 990
Senada;9 176
Serghina;3 746
Settat (Mun.);142 250
Sfafaa;21 475
Sfassif;7 685
Sgamna;10 245
Shoul;19 915
Si Hsaien Ben Abderrahmane;5 990
Sid L'Mokhtar;22 714
Sid Zouine;14 954
Sidi Aayad;8 629
Sidi Abdallah;10 481
Sidi Abdallah Al Khayat;11 227
Sidi Abdallah Ghiat;29 498
Sidi AbdallahEl Bouchouari;8 128
Sidi AbdallahOu Belaid;4 702
Sidi Abdeljalil;6 618
Sidi Abdelkhaleq;6 122
Sidi Abdelkrim;14 037
Sidi Abdellah Ou Said;3 463
Sidi Abdelmoumen;9 007
Sidi Abderrazak;13 464
Sidi Abed;22 980
Sidi Ahmed Benaissa;7 810
Sidi Ahmed Cherif;9 576
Sidi Ahmed El Khadir;9 687
Sidi Ahmed Essayeh;6 198
Sidi Ahmed Laaroussi;269
Sidi Ahmed Ou Abdallah;3 833
Sidi Ahmed Ou Amar;15 982
Sidi Ahmed Ou Moussa;3 679
Sidi Aissa;10 266
Sidi Aissa Ben Ali;25 563
Sidi Aissa Ben Slimane;19 977
Sidi Aissa Regragui;7 873
Sidi Al Kamel;30 199
Sidi Ali;2 162
Sidi Ali Bel Quassem;14 984
Sidi Ali Ben Hamdouche;35 182
Sidi Ali Bourakba;8 083
Sidi Ali El Korati;6 546
Sidi Ali Labrahla;6 618
Sidi Allal El Bahraoui (Mun.);15 866
Sidi Allal Lamsadder;7 366
Sidi Allal Tazi;18 055
Sidi Amar;2 175
Sidi Ameur Al Hadi;11 814
Sidi Azzouz;14 356
Sidi Badhaj;5 394
Sidi Belyout (Arrond.);189 715
Sidi Bennour (Mun.);55 815
Sidi Bernoussi (Arrond.);173 189
Sidi Bettache;6 927
Sidi Bibi;39 042
Sidi Boaal;3 019
Sidi Borja;10 000
Sidi Bou Othmane (Mun.);9 181
Sidi Bouabdelli;5 758
Sidi Boubker;2 638
Sidi Boubker;6 145
Sidi Boubker El Haj;19 327
Sidi Bouhria;4 525
Sidi Bouknadel (Mun.);25 255
Sidi Boulaalam;8 142
Sidi Boulenouar;3 452
Sidi Boulkhalf;15 625
Sidi Boumehdi;5 081
Sidi Boumoussa;16 894
Sidi Bousber;10 528
Sidi Boushab;9 488
Sidi Boutayeb;9 823
Sidi Boutmim;9 988
Sidi Bouzid Arragragui;8 971
Sidi Bouzineb;3 711
Sidi Chiker;20 658
Sidi Dahbi;8 703
Sidi Dahmane;11 955
Sidi Daoud;12 771
Sidi El Abed;12 505
Sidi El Aidi;13 839
Sidi El Ghandour;7 377
Sidi El Hattab;9 421
Sidi El Jazouli;6 462
Sidi El Makhfi;16 709
Sidi El Mekki;8 920
Sidi Ettiji;16 649
Sidi Ghanem;9 326
Sidi Ghanem;10 099
Sidi Ghaneme;4 718
Sidi Haj M'hamed;9 326
Sidi Hajjaj;20 732
Sidi Hajjaj Oued Hassar;20 349
Sidi Hammadi;14 227
Sidi Harazem;5 622
Sidi Hcine;2 986
Sidi Hmad Ou Hamed;4 034
Sidi H'Mad Ou M'Barek;5 482
Sidi Hsaine;7 418
Sidi H'Saine Ou Ali;6 064
Sidi Ifni (Mun.);21 618
Sidi Ishaq;9 773
Sidi Jaber;20 432
Sidi Kacem (Mun.);75 672
Sidi Kaouki;4 625
Sidi Laaroussi;12 357
Sidi Lahsen;9 259
Sidi Lamine;16 808
Sidi Lyamani;10 365
Sidi Mansour;5 488
Sidi M'Bark;6 110
Sidi M'Hamed Akhdim;10 817
Sidi M'Hamed Chelh;7 737
Sidi M'Hamed Dalil;5 684
Sidi M'Hamed Ou Marzouq;5 341
Sidi M'HamedBen Lahcen;18 820
Sidi Mohamed Ben Mansour;19 237
Sidi Mohamed Lahmar;42 637
Sidi Mohammed Ben Rahal;10 410
Sidi Mokhfi;8 705
Sidi Moumen (Arrond.);454 779
Sidi Moussa;9 704
Sidi Moussa Ben Ali;11 445
Sidi Moussa Lemhaya;4 094
Sidi Moussa Lhamri;14 976
Sidi Moussa Majdoub;20 330
Sidi Mzal;1 701
Sidi Othmane (Arrond.);220 047
Sidi Ouaaziz;8 320
Sidi Ouassay;9 087
Sidi Rahal Chatai (Mun.);20 628
Sidi Rahhal (Mun.);9 906
Sidi Redouane;19 169
Sidi Slimane (Mun.);92 989
Sidi Slimane Echcharraa (Mun.);30 202
Sidi Slimane Moul Al Kifane;19 151
Sidi Smail;28 733
Sidi Taibi;53 449
Sidi Yacoub;17 054
Sidi Yahya El Gharb (Mun.);37 979
Sidi Yahya Ou Saad;7 051
Sidi Yahya Ou Youssef;4 637
Sidi Yahya Zaer;57 790
Sidi YahyaBni Zeroual;15 452
Sidi Youssef Ben Ali (Arrond.);122 889
Sidi YoussefBen Ahmed;12 362
Siroua;9 678
Skhirate (Mun.);59 775
Skhour Rehamna;15 479
Skoura Ahl El Oust;24 055
Skoura Lhadra;8 865
Skoura M'Daz;8 462
Smi…;7 435
Smimou;8 026
Souaken;12 632
Soualem Trifiya;33 079
Souihla;28 164
Souissi (Arrond.);23 366
Souk El Arbaa (Mun.);69 265
Souk Kdim;7 823
Souk Lakhmis Dades;17 045
Souk L'Qolla;14 965
Souk Sebt Ouled Nemma (Mun.);60 076
Souk Tlet El Gharb;22 554
Souk Tolba;13 049
Sour El Aaz;3 850
Souss-Massa;2 676 847
Steha;12 034
Sti Fadma;24 129
Tabant;14 963
Tabaroucht;3 830
Tabia;7 849
Tabia;1 460
Tabouda;16 618
Tabriquet (Arrond.);252 277
Tachraft;3 636
Taddart;22 138
Tadighoust;6 243
Tadrart;4 530
Tafajight;1 697
Tafedna;5 617
Tafersit;9 133
Tafetachte;7 293
Tafingoult;6 635
Tafoughalt;2 735
Tafrant;14 246
Tafraout (Mun.);6 345
Tafraout El Mouloud;3 200
Tafraouten;7 999
Taftechna;5 258
Tagante;3 630
Taghazout;5 260
Taghbalte;10 054
Taghjijt;9 988
Taghramt;8 706
Taghzirt;19 936
Taghzout;5 132
Taghzoute N'Ait Atta;14 669
Tagleft;14 423
Tagmout;4 581
Tagounite;17 103
Tah;1 516
Tahannaout (Mun.);12 102
Tahelouante;3 919
Tahla (Mun.);27 729
Taifa;6 992
Tainaste;11 530
Takate;10 968
Takoucht;4 312
Talambote;8 481
Talat N'Yaaqoub;7 866
Talgjount;5 816
Talilit;5 208
Taliouine (Mun.);6 727
Taliouine Assaka;1 125
Talmakante;4 004
Talmest (Mun.);4 328
Talsint;16 166
Talzemt;3 160
Tamaguert;10 540
Tamallalt (Mun.);16 539
Tamaloukte;4 739
Tamanar (Mun.);10 584
Tamanarte;6 198
Tamazouzte;15 846
Tamchachate;3 836
Tamda;9 750
Tamda Noumercid;11 922
Tamedit;14 669
Tamegroute;21 603
Tameslohte;28 978
Tamezmoute;11 697
Tamorot;26 748
Tamri;18 577
Tamsaout;13 711
Tan Tan (Mun.);73 209
Tanalt;2 744
Tanant;10 706
Tanaqoub;9 236
Tancherfi;6 433
Tangarfa;4 706
Tanger-M‚dina (Arrond.);243 082
Tanougha;12 783
Tanourdi;2 872
Tansifte;11 987
Taoughilt;14 764
Taouloukoult;10 682
Taounate (Mun.);37 616
Taounza;11 488
Taourirt (Mun.);103 398
Taouyalte;7 465
Taouzint;5 651
Tarfaya (Mun.);8 027
Targa Wassay;857
Targante;7 605
Targua Ntouchka;4 877
Targuist (Mun.);13 390
Tarmigt;40 184
Taroudannt (Mun.);80 149
Tarsouat;2 375
Tassegdelt;5 107
Tassift;7 363
Tassoultante;71 172
Tassousfi;6 724
Tassrirt;1 554
Tata (Mun.);18 611
Tataoute;4 743
Tatoft;9 527
Taza (Mun.);148 456
Tazaghine;4 323
Tazarine;2 623
Tazarine;15 169
Tazart;15 243
Tazemmourt;6 073
Taznakht (Mun.);7 281
Tazouta;6 227
Tazroute;5 974
Tekna;7 068
Telouet;14 060
T‚mara (Mun.);313 510
Temsamane;13 920
Temsia;40 780
Tendrara;15 390
Ternata;16 512
Teroual;12 621
T‚touan (Mun.);380 787
Thar Es-souk (Mun.);5 182
Tichla;5 743
Tiddas;10 047
Tidili Fetouaka;12 759
Tidili Mesfioua;21 706
Tidli;15 285
Tidsi Nissendalene;5 424
Tidzi;4 057
Tifariti;55
Tifarouine;4 231
Tiffert N'Ait Hamza;3 499
Tiflet (Mun.);86 709
Tifni;11 760
Tighassaline;15 204
Tighedouine;22 971
Tighirt;6 606
Tighmi;6 396
Tiglit;930
Tigouga;4 553
Tigrigra;11 031
Tigzmerte;3 916
Tilemzoun;1 015
Tilmi;11 372
Tilougguite;10 544
Timahdite;10 945
Timezgadiouine;7 825
Timezgana;16 172
Timizguida-Ouftas;5 189
Timlilt;7 078
Timoulay;5 325
Timoulilt;6 616
Tindine;2 932
Tinejdad (Mun.);8 942
Tinghir (Mun.);42 044
Tinzart;5 902
Tinzouline;15 505
Tioughza;10 577
Tiouli;5 199
Tiout;2 920
Tiqqi;8 773
Tisfane;2 338
Tisqi;6 147
Tisrasse;7 656
Tissa (Mun.);11 195
Tissaf;10 191
Tissint;9 434
Tit Mellil (Mun.);32 782
Tizaghte;3 920
Tizgane;12 773
Tizguine;4 899
Tizguite;10 693
Tizgzaouine;5 272
Tizi N'Ghachou;2 557
Tizi N'Isly;11 918
Tizi Ntakoucht;1 368
Tizi N'Test;5 182
Tizi Ouasli;6 639
Tiznit (Mun.);74 699
Tizoughrane;4 769
Tizounine;2 119
Tiztoutine;9 788
Tlauh;9 932
Tlite;4 326
Tnine Aday;1 903
Tnine Aglou;10 240
Tnine Amellou;3 674
Toualet;11 976
Touama;11 243
Touarga (Mun.);3 932
Toubkal;8 489
Toudgha El Oulia;5 476
Toudgha Essoufla;15 347
Toufelaazt;1 614
Toughmart;6 746
Touissit (Mun.);3 137
Touizgui;5 022
Toulal (Mun.);19 077
Toumliline;2 131
Toundoute;10 606
Tounfite;13 297
Traiba;6 672
Trougout;11 458
Tsaft;9 578
Yacoub El Mansour (Arrond.);194 532
Youssoufia (Mun.);67 628
Zaaroura;10 137
Zag (Mun.);12 763
Zaggota;10 032
Zagmouzen;8 221
Zagora (Mun.);40 067
Zaida;13 181
Zaio (Mun.);35 806
Zaitoune;10 481
Zaouia Annahlia;10 757
Zaouia Sidi Tahar;11 677
Zaouiat Ahansal;10 657
Zaouiat Ben Hmida;6 922
Zaouiat Cheikh (Mun.);25 388
Zaouiat Lakouacem;10 967
Zaouiat Saiss;11 160
Zaouiat Sidi Abdelkader;5 452
Zaouiat Sidi Ben Hamdoun;9 521
Zaouiat Sidi Hamza;5 454
Zaouiat Sidi Kacem;11 537
Zarkt;6 691
Zeghanghane (Mun.);34 025
Zegzel;16 137
Zemamra (Mun.);13 279
Zemrane;14 338
Zemrane Charqia;29 087
Zerkten;19 926
Zghira;15 503
Ziaida;14 581
Zinat;7 669
Zirara;16 606
Znada;6 712
Zouada;23 223
Zouagha (Arrond.);260 663
Zoug;pm
Zoumi;40 661
Zrarda;9 249
Zrizer;7 922
